article_id	start_position	end_position	entity_text	entity_type
0	256	258	25	med_exam
0	273	276	李醫生	name
0	320	322	25	med_exam
0	326	328	25	med_exam
0	400	403	11點	med_exam
0	409	411	4點	med_exam
0	615	619	11點多	med_exam
0	645	647	兩天	time
0	1168	1172	7月21	time
0	1571	1574	10多	med_exam
0	1636	1638	第二	time
0	1697	1699	第二	time
0	1707	1709	第二	time
0	1770	1772	第二	time
0	1781	1783	第二	time
0	1809	1812	10多	med_exam
0	2017	2019	第二	time
0	2090	2092	第二	time
0	2200	2203	13號	time
0	2214	2217	15天	time
0	2226	2228	3天	time
0	2245	2247	三天	time
0	2259	2263	一個禮拜	time
0	2319	2321	禮拜	time
0	2332	2334	禮拜	time
0	2372	2375	前幾天	time
0	2449	2451	兩天	time
0	2624	2628	下下禮拜	time
0	2738	2740	林區	location
0	2780	2782	北區	location
0	2807	2810	下禮拜	time
0	2859	2861	1小	time
0	3029	3031	昨天	time
0	3067	3070	下禮拜	time
0	3306	3309	3天份	time
0	3340	3343	下禮拜	time
1	59	62	108	med_exam
1	66	69	108	med_exam
1	457	460	五月中	time
1	671	674	三個月	time
2	27	32	8月17號	time
2	40	45	上上個禮拜	time
2	53	56	110	med_exam
2	85	88	110	med_exam
2	111	114	6.0	med_exam
2	253	256	126	med_exam
2	279	282	2年前	time
2	496	498	泰國	location
2	711	713	東西	location
2	980	982	兩天	time
2	1096	1098	半年	time
2	1114	1116	半年	time
2	1118	1120	半年	time
2	1139	1141	爸爸	family
2	1147	1150	三個月	time
2	1227	1231	兩個禮拜	time
3	153	155	半夜	time
3	183	190	7點多、8點多	med_exam
3	233	236	9點多	med_exam
3	240	243	10點	med_exam
3	250	255	6月15號	time
3	256	259	16號	time
3	265	268	16號	time
3	272	281	14、15、16號	time
3	302	306	1個禮拜	time
3	576	580	6月4號	time
3	582	584	前年	time
3	592	594	前年	time
3	609	611	一年	time
3	913	916	50分	med_exam
3	1431	1438	禮拜1、3、5	time
3	1443	1450	禮拜2、4、6	time
3	1456	1463	禮拜2、4、6	time
3	1472	1479	禮拜2、4、6	time
3	1489	1496	禮拜1、3、5	time
3	1873	1877	4、5月	time
3	1890	1893	108	med_exam
3	1899	1903	106年	time
3	1910	1914	106年	time
3	1921	1925	4、5月	time
3	1929	1934	四月跟五月	time
3	2021	2025	4、5月	time
3	2033	2036	8月份	time
3	2041	2043	8月	time
3	2046	2048	8月	time
3	2102	2104	5年	time
3	2105	2107	5年	time
3	2178	2183	八月23日	time
3	2195	2200	八月23日	time
3	2204	2207	八月份	time
3	2219	2225	6、7、8月	time
3	2230	2233	八月份	time
3	2250	2254	106年	time
3	2752	2754	今天	time
3	3077	3079	半天	time
3	3081	3086	1、2個小	time
3	3093	3096	1個小	time
3	3101	3106	1、2個小	time
3	3108	3113	1、2個小	time
3	3128	3130	今天	time
3	3131	3133	明天	time
4	7	12	6月14號	time
4	18	20	14	med_exam
4	24	26	13	med_exam
4	28	30	14	med_exam
4	38	40	14	med_exam
4	42	44	13	med_exam
4	45	47	14	med_exam
4	146	148	昨天	time
4	187	190	林醫師	name
4	338	343	前一個禮拜	time
4	354	358	上個禮拜	time
4	388	392	一個禮拜	time
4	615	617	今天	time
4	623	625	昨天	time
4	666	668	昨天	time
4	684	690	60多70多	money
4	731	734	林醫師	name
4	770	772	兩個	time
4	791	793	兩個	time
4	806	809	林醫師	name
4	815	818	林醫師	name
4	838	840	昨天	time
4	844	847	林醫師	name
4	872	877	6月24號	time
4	880	883	林醫師	name
4	958	960	小姐	name
4	995	997	兩個	time
4	1051	1054	呂醫師	name
4	1134	1137	前幾天	time
4	1537	1540	許醫師	name
4	1606	1609	林醫師	name
4	1620	1623	林醫師	name
4	1665	1668	林醫師	name
4	1692	1695	張醫師	name
4	1704	1706	昨天	time
4	1776	1780	兩個一個	time
4	1811	1814	林醫師	name
4	1960	1963	三個月	time
4	1967	1970	三個月	time
4	1974	1977	三個月	time
4	1979	1982	三個月	time
4	1988	1991	三個月	time
4	2000	2004	一天一天	time
5	83	90	今天早上的八點	time
5	326	331	三、三、三	time
5	780	782	東西	location
5	861	866	1．6公分	med_exam
5	968	970	2點	med_exam
5	1028	1030	今天	time
5	1047	1051	昨天晚上	time
5	1052	1055	10點	med_exam
5	1066	1068	東西	location
5	1876	1880	一個禮拜	time
5	1886	1889	禮拜三	time
5	1893	1896	禮拜三	time
5	1919	1921	上午	time
5	1922	1925	禮拜三	time
5	1927	1929	上午	time
5	1984	1986	小小	name
5	2322	2324	媽媽	family
5	2326	2328	基隆	name
5	2378	2380	老媽	family
5	2381	2383	基隆	name
5	2423	2425	老媽	family
5	2433	2436	禮拜三	time
5	2437	2441	6月6號	time
5	2725	2727	7個	time
5	2728	2730	7個	time
6	28	32	上個禮拜	time
6	86	88	前年	time
6	158	162	今年5月	time
6	376	380	7月4號	time
6	708	710	兩天	time
6	802	805	三四天	time
6	822	825	三四天	time
6	829	832	三四天	time
6	895	899	兩個禮拜	time
6	989	991	昨天	time
6	994	997	418	med_exam
6	1003	1006	418	med_exam
6	1041	1044	418	med_exam
6	1091	1093	小姐	name
6	1170	1173	343	med_exam
6	1177	1180	343	med_exam
6	1217	1219	今天	time
6	1227	1229	今天	time
6	1250	1253	吳醫師	name
6	1406	1408	東西	location
6	1454	1456	早上	time
6	1550	1554	一個禮拜	time
6	1625	1627	櫻木	name
7	108	111	張醫師	name
7	240	243	132	med_exam
7	247	250	132	med_exam
7	272	274	91	med_exam
7	278	280	91	med_exam
7	323	325	72	med_exam
7	432	435	張醫師	name
7	717	720	三百多	money
7	889	892	三個月	time
7	910	913	三個月	time
7	1038	1041	三個月	time
7	1045	1048	三個月	time
7	1055	1061	一個月一個月	time
8	215	218	黃醫師	name
8	262	265	黃醫師	name
8	533	536	黃醫師	name
8	601	604	一個月	time
8	605	607	兩個	time
8	685	689	兩個禮拜	time
8	764	767	黃醫師	name
9	35	37	五月	time
9	84	87	一個月	time
9	94	97	一個月	time
9	314	316	9月	time
9	381	383	每年	time
9	397	399	每年	time
9	417	421	73公斤	med_exam
9	439	442	170	med_exam
9	446	449	170	med_exam
10	71	73	74	med_exam
10	78	80	74	med_exam
10	160	164	下下禮拜	time
10	175	178	下禮拜	time
10	181	185	下禮拜三	time
10	221	224	一個月	time
10	241	245	兩個禮拜	time
10	262	266	四個禮拜	time
10	373	375	四週	time
10	472	476	四個禮拜	time
10	491	494	禮拜三	time
10	537	541	十月六號	time
11	3	9	120、71	med_exam
11	17	21	18.5	med_exam
11	26	29	上禮拜	time
11	123	125	北榮	location
11	132	135	林醫師	name
11	143	146	林醫師	name
11	154	158	紐約醫院	location
11	174	178	紐約醫院	location
11	199	202	10年	time
11	210	213	林醫師	name
11	271	274	阿美達	name
11	280	283	阿美達	name
11	313	316	林醫師	name
11	362	364	北榮	location
11	376	379	王醫師	name
11	388	390	哥哥	family
11	392	394	大哥	family
11	417	419	北榮	location
11	455	458	林醫師	name
11	484	486	昨天	time
11	513	516	林醫師	name
11	592	594	兩年	time
11	664	666	兩個	time
11	676	680	紐約醫院	location
11	729	732	三個月	time
11	763	766	四個月	time
11	930	933	林醫師	name
11	1097	1099	6月	time
11	1153	1156	兩個月	time
11	1179	1182	兩個月	time
11	1233	1236	兩個月	time
11	1238	1241	兩個月	time
11	1273	1276	兩個月	time
11	1353	1355	紐約	location
11	1358	1362	紐約醫院	location
11	1416	1419	兩個月	time
11	1436	1438	兩天	time
11	1470	1472	紐約	location
11	1647	1649	兩年	time
11	1784	1786	北榮	location
11	1806	1808	北榮	location
11	1869	1872	林醫師	name
11	2014	2016	今年	time
11	2029	2032	林醫師	name
11	2136	2140	上4個月	time
11	2144	2147	4個月	time
11	2148	2154	10月17號	time
11	2236	2239	川鋒流	location
11	2245	2247	荷蘭	location
11	2303	2305	一年	time
11	2334	2336	一年	time
12	214	220	3點多4點多	med_exam
12	342	345	129	med_exam
12	349	355	129、81	med_exam
12	360	366	129、81	med_exam
12	407	412	7月26號	time
12	434	436	92	time
12	855	857	85	med_exam
12	885	887	85	med_exam
13	48	52	9月2號	time
13	60	63	9．7	med_exam
13	87	89	56	med_exam
13	126	128	56	med_exam
13	158	161	9．6	med_exam
13	166	169	9．8	med_exam
13	188	191	9．6	med_exam
13	352	354	東西	location
13	394	398	2019	med_exam
13	446	448	早上	time
13	463	465	3月	time
13	481	484	7個月	time
13	488	491	10月	time
13	492	496	10月底	time
13	1028	1030	東西	location
14	23	25	CD	organization
14	27	30	753	med_exam
14	45	47	37	med_exam
14	121	125	一、兩天	time
14	137	139	三天	time
14	242	246	38.7	med_exam
14	250	253	387	med_exam
14	371	374	68點	med_exam
14	384	388	68.7	med_exam
14	459	462	2個月	time
14	476	479	2個月	time
14	621	624	這個月	time
14	655	657	8月	time
14	662	664	4月	time
14	671	673	4月	time
14	701	703	8月	time
14	964	966	HA	clinical_event
14	1094	1096	今年	time
14	1132	1140	前、前、前兩個月	time
14	1168	1170	22	med_exam
14	1173	1177	5月21	time
14	1179	1184	5月21號	time
14	1385	1390	9月20號	time
14	1396	1398	9月	time
15	60	62	今天	time
15	92	95	2.4	med_exam
15	99	102	2.4	med_exam
15	177	179	58	med_exam
15	182	185	2.4	med_exam
15	247	249	兒子	family
15	632	634	前鎮	location
15	1228	1231	五十幾	time
15	1277	1280	一個月	time
15	1288	1291	一個月	time
15	1437	1439	10	med_exam
15	1452	1456	0.55	med_exam
15	1462	1465	90分	med_exam
16	203	207	三個禮拜	time
16	218	222	六個禮拜	time
16	235	239	六個禮拜	time
16	257	261	六個禮拜	time
16	324	328	5.02	med_exam
16	337	341	7.64	med_exam
16	353	357	0.62	med_exam
16	367	371	7.83	med_exam
16	383	386	8.5	med_exam
16	391	393	8.	med_exam
16	397	401	7.83	med_exam
16	402	406	7.02	med_exam
16	424	427	三個月	time
16	447	449	兩年	time
16	715	719	林大醫師	name
17	481	483	東西	location
17	1121	1123	東西	location
17	1167	1169	東西	location
17	1310	1314	lear	contact
17	1567	1569	明天	time
17	1578	1580	明天	time
17	1593	1595	明天	time
17	1596	1598	禮拜	time
17	1604	1606	明天	time
17	1611	1616	今天禮拜天	time
17	1621	1626	今天禮拜天	time
17	1630	1632	禮拜	time
17	1637	1639	禮拜	time
17	1656	1659	禮拜二	time
17	1663	1666	禮拜二	time
17	1679	1682	禮拜二	time
17	1692	1694	小花	name
17	1743	1745	五個	time
17	1850	1852	今天	time
17	2034	2036	五月	time
17	2038	2041	五月份	time
17	2062	2065	六月份	time
17	2167	2169	台中	location
17	2174	2177	四天、	time
17	2179	2181	七天	time
17	2185	2187	台中	location
17	2225	2228	四天下	time
17	2344	2346	五月	time
17	2467	2469	兩天	time
17	2506	2509	前三天	time
17	2671	2673	東西	location
17	2755	2757	東西	location
17	3018	3020	東西	location
18	21	24	五月中	time
18	134	136	東西	location
18	210	213	120	med_exam
18	237	240	921	med_exam
18	265	268	500	money
18	429	432	三個月	time
18	485	487	半年	time
19	353	355	東西	location
19	417	419	今天	time
19	427	429	今天	time
19	821	823	叔叔	family
19	832	834	叔叔	family
19	932	935	0.1	med_exam
19	939	942	0.1	med_exam
19	945	948	0.2	med_exam
19	967	974	0.8、0.7	med_exam
19	1906	1909	150	med_exam
19	2088	2091	三、四	time
19	2498	2501	下禮拜	time
19	3013	3015	陽明	location
19	3082	3084	陽明	location
19	3093	3095	陽明	location
19	3178	3182	一個禮拜	time
19	3682	3684	四個	time
19	3837	3839	陽明	location
19	3869	3871	陽明	location
19	4006	4008	學區	location
19	4022	4024	學區	location
19	4040	4043	五顆星	time
19	4098	4100	八天	time
19	4101	4104	十四天	time
19	4140	4145	五、六十歲	time
19	4543	4546	下禮拜	time
19	5007	5009	昨天	time
19	5100	5102	今天	time
19	5114	5116	今天	time
19	5298	5300	叔叔	family
19	5487	5490	下禮拜	time
19	5625	5628	下禮拜	time
19	5949	5952	下禮拜	time
19	5967	5969	老爸	family
19	6021	6024	下禮拜	time
20	10	13	這個月	time
20	266	269	這個月	time
20	315	319	這個月幾	time
20	327	329	兩三	time
20	332	334	兩三	time
20	343	345	兩三	time
20	766	769	東花蓮	location
20	895	897	兩天	time
20	911	914	一個月	time
20	1011	1014	兩年前	time
20	1083	1085	HI	contact
20	1102	1104	HI	contact
20	1168	1170	HI	contact
20	1307	1313	三個月三個月	time
20	1314	1317	三個月	time
20	1405	1407	HI	contact
20	1488	1490	HI	contact
20	1589	1591	HI	contact
20	1700	1702	HI	contact
20	1874	1876	東西	location
20	1895	1897	us	profession
20	1936	1938	us	profession
20	2003	2005	us	profession
20	2110	2114	一個禮拜	time
20	2147	2149	三天	time
20	2369	2371	今天	time
20	2675	2677	兩個	time
20	2709	2711	HI	contact
20	3013	3016	三個月	time
20	3351	3353	HI	contact
20	3409	3411	HI	contact
20	3566	3568	HI	contact
20	3609	3611	HI	contact
20	3848	3850	HI	contact
20	4089	4091	HI	contact
20	4097	4099	HI	contact
20	4197	4199	HI	contact
20	4476	4478	三個	time
20	4511	4513	三個	time
20	4598	4600	兩個	time
20	4646	4650	8月2號	time
20	4659	4664	8月20號	time
21	209	211	一號	time
21	293	295	一號	time
21	329	332	當零號	time
21	376	379	當零號	time
21	535	537	兩個	time
21	563	565	兩個	time
21	619	621	兩個	time
21	739	741	us	profession
21	749	751	us	profession
21	855	857	東西	location
21	883	885	us	profession
21	1093	1096	一個月	time
21	1107	1110	一個月	time
21	1112	1115	2到3	med_exam
21	1121	1124	2到3	med_exam
21	1152	1155	這個年	time
21	1234	1236	六九	time
21	1244	1247	2到3	med_exam
21	1253	1256	2到3	med_exam
21	1265	1268	這個年	time
21	1274	1278	一個禮拜	time
21	1279	1282	2到3	med_exam
21	1337	1341	一個禮拜	time
21	1508	1510	HI	contact
21	2188	2190	HI	contact
21	2397	2399	三個	time
21	2550	2552	今天	time
21	2553	2555	彰化	location
21	2643	2645	三個	time
21	2714	2716	泰國	location
21	2723	2725	泰國	location
21	2736	2738	三個	time
21	2810	2812	今天	time
21	2813	2815	三天	time
21	2944	2949	兩週到六週	time
21	3323	3325	泰國	location
22	6	9	王醫師	name
22	112	115	王醫師	name
22	246	248	東西	location
22	343	345	東西	location
22	385	387	東西	location
22	523	525	陽明	location
22	535	537	基隆	name
22	538	540	陽明	location
22	740	742	基隆	name
22	743	745	陽明	location
22	775	777	北醫	location
22	828	830	北醫	location
22	836	838	北醫	location
22	845	847	北醫	location
22	932	936	前上一個	time
22	969	971	兩個	time
22	981	984	四個月	time
22	989	992	四個月	time
22	1053	1055	HI	contact
22	1084	1086	HI	contact
22	1098	1100	東西	location
22	1183	1185	HI	contact
22	1226	1228	HI	contact
22	1423	1425	HI	contact
22	1467	1469	東西	location
22	1482	1484	東西	location
22	1521	1523	東西	location
22	1530	1532	東西	location
22	2104	2107	三個月	time
22	2109	2112	六個月	time
22	2383	2385	兩個	time
22	2566	2568	HI	contact
22	2636	2638	HI	contact
22	2736	2739	王醫師	name
22	2803	2806	每天上	time
22	2824	2826	今天	time
22	2862	2865	每天上	time
22	2893	2895	七天	time
22	3014	3016	今天	time
22	3040	3042	七天	time
22	3051	3055	那個日曆	time
22	3132	3134	七天	time
22	3214	3217	第二個	time
22	3258	3260	十二	time
22	3274	3276	今天	time
22	3287	3289	十二	time
22	3302	3305	每個月	time
22	3339	3342	每個月	time
22	3351	3354	三個月	time
22	3361	3364	三六九	time
22	3366	3369	三六九	time
22	3386	3388	兩個	time
22	3390	3392	兩個	time
22	3484	3488	一萬多塊	money
22	3503	3506	414	med_exam
22	3539	3542	每個月	time
22	3545	3548	每個月	time
22	3576	3579	三個月	time
22	3604	3607	王醫師	name
22	3612	3618	禮拜一的早上	time
22	3619	3625	禮拜三的下午	time
22	3637	3639	禮拜	time
22	3641	3644	禮拜三	time
22	3691	3694	每個月	time
22	3702	3705	王醫師	name
22	3764	3766	今天	time
22	3789	3791	法律	education
22	3799	3801	HI	contact
22	3832	3834	三份	time
22	3838	3840	東西	location
23	6	9	王醫師	name
23	57	60	王醫師	name
23	207	210	211	med_exam
23	249	252	211	med_exam
23	425	427	7天	time
23	472	477	1顆1顆1	time
23	500	505	24小時1	time
23	507	509	24	med_exam
23	576	579	王醫師	name
23	636	639	王醫師	name
23	741	743	今天	time
23	868	872	每個禮拜	time
23	1002	1008	一個禮拜一兩	time
23	1018	1024	一個禮拜一兩	time
23	1027	1030	一個月	time
23	1090	1094	一個禮拜	time
23	1126	1130	2111	med_exam
23	1163	1167	一個禮拜	time
23	1168	1171	2到3	med_exam
23	1200	1206	一個月1到2	time
23	1210	1213	一個月	time
23	1375	1379	這個週期	time
23	1494	1496	八十	med_exam
23	1756	1759	王醫師	name
23	1789	1791	今天	time
23	1799	1801	法律	education
23	1808	1810	HI	contact
23	1839	1841	今天	time
24	55	58	這個月	time
24	84	86	五六	time
24	94	96	五六	time
24	170	172	兩天	time
24	174	176	兩天	time
24	177	179	三天	time
24	200	206	一個一個一個	time
24	259	263	一個禮拜	time
24	267	270	三四天	time
24	382	384	七天	time
24	421	423	四天	time
24	513	516	這個月	time
24	524	526	五六	time
24	716	718	台中	location
24	853	855	今天	time
24	881	883	今天	time
24	885	887	兩個	time
24	914	916	兩個	time
25	7	10	這個月	time
25	124	126	今天	time
25	147	158	12345678910	med_exam
25	159	161	二十	time
25	187	189	30	money
25	193	196	28天	time
25	268	272	一個月幾	time
25	294	297	這個月	time
25	1122	1124	今天	time
25	1130	1133	四五天	time
25	1158	1160	兩個	time
25	1222	1225	三四天	time
26	15	17	5月	time
26	158	161	5、6	med_exam
26	185	188	一個月	time
26	200	204	1組多2	time
26	234	236	周末	time
26	247	249	今天	time
26	281	287	一個月1到2	time
26	302	308	一個月1到2	time
26	683	685	10	med_exam
26	714	716	69	med_exam
26	732	734	69	med_exam
26	752	754	69	med_exam
26	962	964	今天	time
26	974	979	今天的三個	time
26	1166	1172	tinder	contact
26	2130	2133	5、6	med_exam
26	2161	2165	LINE	contact
26	2184	2187	5.6	med_exam
26	2223	2227	LINE	contact
26	2339	2342	三個月	time
26	2542	2545	三個月	time
26	2569	2572	林小姐	name
27	11	13	台中	location
27	97	99	台中	location
27	112	114	台中	location
27	265	267	七天	time
27	327	330	一個月	time
27	355	358	上個月	time
27	360	362	十六	time
27	373	377	今天十三	time
27	386	388	十三	time
27	394	396	十三	time
27	398	401	十三天	time
27	447	449	十三	time
27	451	454	十三天	time
27	459	461	十三	time
27	517	520	十三天	time
27	537	539	十三	time
27	589	592	這禮拜	time
27	594	597	一個月	time
28	30	32	一年	time
28	64	66	一年	time
28	708	710	東西	location
28	743	745	今天	time
28	874	876	東西	location
28	1006	1008	今天	time
28	1110	1114	urse	profession
28	1158	1160	昨天	time
28	1607	1609	兩個	time
28	1689	1691	69	med_exam
28	1869	1871	兩個	time
28	2339	2341	今天	time
28	2403	2405	早上	time
28	2439	2441	24	med_exam
28	2553	2555	四天	time
28	2561	2564	第一天	time
29	33	35	桃園	location
29	41	43	桃園	location
29	51	53	小蘭	location
29	215	217	一年	time
29	224	226	一年	time
29	230	232	一年	time
29	255	259	每三個月	time
29	265	267	HI	contact
29	310	312	HI	contact
29	379	383	每三個月	time
29	456	461	69、10	med_exam
29	471	473	69	med_exam
29	480	482	69	med_exam
29	485	487	69	med_exam
29	559	562	三個月	time
29	747	750	陳醫師	name
29	940	942	HI	contact
29	1071	1073	HI	contact
29	1313	1315	第二	time
29	1344	1346	12	med_exam
29	1365	1368	552	med_exam
29	1376	1383	16000多塊	money
29	1386	1391	17000	med_exam
29	1442	1446	每三個月	time
29	1469	1472	每個月	time
29	1509	1512	這個月	time
29	1527	1530	三個月	time
29	1558	1561	第二個	time
29	1599	1601	今天	time
29	1608	1610	今天	time
29	1640	1643	上12	time
29	1673	1676	每個月	time
29	1758	1760	北區	location
29	1763	1766	中西區	location
29	1790	1794	每一個月	time
29	1838	1841	369	med_exam
29	1855	1858	每個月	time
29	1924	1928	前3個月	time
29	1929	1932	前3個	time
29	1939	1947	7月、8月、9月	time
29	2022	2030	第一個月7月6號	time
29	2054	2056	8月	time
29	2059	2062	一個月	time
29	2071	2073	HI	contact
29	2124	2128	第一個月	time
29	2153	2155	9月	time
29	2162	2164	HI	contact
29	2325	2328	三個月	time
29	2569	2571	兩份	time
30	153	155	一年	time
30	159	161	一年	time
30	189	191	8年	time
30	197	199	8年	time
30	219	221	8年	time
30	250	252	嘉義	location
30	256	260	兩到三天	time
30	288	292	一個禮拜	time
30	335	339	一天一天	time
30	354	356	3天	time
30	389	391	兩個	time
30	444	452	今天禮拜、禮拜二	time
30	469	472	禮拜日	time
30	488	492	3456	med_exam
30	510	513	禮拜日	time
30	525	528	禮拜日	time
30	690	692	三個	time
30	795	798	兩個小	time
30	801	805	三四個小	time
30	841	844	211	med_exam
30	856	859	整個月	time
30	1158	1160	一年	time
30	1260	1262	美國	location
30	1538	1540	30	money
30	1591	1597	今天第6個月	time
30	1600	1602	今天	time
30	1624	1626	今天	time
30	1629	1631	半年	time
31	82	85	這個月	time
31	102	105	1、2	time
31	160	163	11點	med_exam
31	203	208	晚上11點	time
31	278	281	4個月	time
31	678	680	第二	time
31	873	877	這個月內	time
31	903	907	這個月內	time
31	911	914	這個月	time
31	923	926	2、3	time
31	932	935	2、3	time
31	943	946	2、3	time
31	1066	1068	WI	name
31	1075	1077	WI	name
31	1095	1097	WI	name
31	1253	1255	第3	time
31	1257	1259	第4	time
31	1459	1461	HI	contact
31	1637	1639	東西	location
31	1661	1663	東西	location
31	1794	1796	今天	time
31	1804	1806	今天	time
31	1812	1814	今天	time
31	1820	1822	今天	time
31	1862	1865	9月中	time
31	1874	1878	12月中	time
31	1890	1894	12月中	time
31	1917	1920	今天下	time
31	1924	1928	8月3號	time
31	2012	2015	三個月	time
31	2027	2031	第一個月	time
32	189	191	第二	time
32	197	199	第二	time
32	246	249	兩個小	time
32	495	501	一個月2、3	time
32	512	518	一個月2、3	time
32	590	592	今天	time
32	594	596	明天	time
32	678	681	兩個小	time
32	686	689	兩個小	time
32	695	703	兩個小時、兩個小	time
32	716	718	24	med_exam
32	728	733	一個24小	time
32	827	829	八點	med_exam
32	860	864	兩個八點	time
32	946	951	兩天的八點	time
32	1208	1210	小美	name
32	1251	1255	每個禮拜	time
32	1308	1315	三個月或六個月	time
32	1333	1336	三或六	time
32	1348	1351	三個月	time
32	1381	1384	一個月	time
32	1390	1393	一個月	time
32	1400	1403	一個月	time
32	1433	1436	三個月	time
32	1444	1449	五千塊左右	money
32	1458	1463	四千到五千	money
32	1542	1544	泰國	location
32	1639	1641	東西	location
32	1885	1888	每個月	time
32	1901	1904	每個月	time
32	1950	1953	五百多	money
32	1967	1969	嘉義	location
32	2129	2132	一個月	time
32	2198	2201	三個月	time
32	2211	2214	三個月	time
32	2239	2241	半年	time
32	2292	2296	兩到四週	time
32	2312	2315	三個月	time
32	2408	2411	三個月	time
32	2596	2598	一年	time
32	2623	2625	東西	location
32	2652	2654	一年	time
32	2668	2671	三個月	time
32	2730	2732	一年	time
32	2775	2777	東西	location
33	44	57	禮拜二的早上或禮拜五的下午	time
33	102	105	這個月	time
33	812	814	今天	time
33	815	818	第10	time
33	838	841	5、6	med_exam
33	874	877	下個月	time
33	880	885	10月7號	time
33	899	902	下禮拜	time
33	916	923	二早上或五下午	time
34	26	28	東西	location
34	91	93	北醫	location
34	101	103	北醫	location
34	214	216	東西	location
34	244	246	東西	location
34	436	440	四五年前	time
34	513	515	半年	time
34	578	580	HI	contact
34	670	672	小小	name
34	724	727	半年前	time
34	732	735	半年前	time
34	772	775	五個月	time
34	779	782	五個月	time
34	892	894	兩個	time
34	911	913	三個	time
34	964	968	兩、兩個	time
34	1212	1214	今天	time
34	1320	1322	今天	time
34	1343	1350	前2到24個小	time
34	1368	1370	24	med_exam
34	1378	1383	一個24小	time
34	1407	1410	10點	med_exam
34	1421	1423	8點	med_exam
34	1440	1442	8點	med_exam
34	1451	1453	8點	med_exam
34	1461	1463	三天	time
34	1508	1511	兩個小	time
34	1536	1538	昨天	time
34	1540	1542	今天	time
34	1583	1585	東西	location
34	1805	1809	一個禮拜	time
34	1980	1982	兩個	time
34	2272	2274	東西	location
34	2288	2290	東西	location
34	2476	2482	40、50歲	time
34	2587	2591	414塊	money
34	2658	2660	一年	time
34	2690	2696	每3到6個月	time
34	2795	2797	今天	time
34	2804	2810	1800多塊	money
34	2830	2832	半年	time
34	2859	2863	800多	money
34	2874	2877	三個月	time
34	2882	2885	700	med_exam
34	2898	2901	4、5	med_exam
34	2916	2920	400多	money
34	2940	2943	每個月	time
34	2946	2951	1000塊	money
34	2984	2987	一個月	time
34	3023	3025	今天	time
34	3252	3256	一五一十	time
34	3912	3914	HI	contact
34	3947	3949	HI	contact
34	3963	3965	兩個	time
34	4152	4159	九十幾、九十幾	med_exam
34	4220	4223	下禮拜	time
34	4248	4251	禮拜二	time
34	4279	4281	下午	time
34	4292	4305	禮拜三的下午或禮拜五的早上	time
34	4308	4310	兩天	time
34	4362	4365	每個月	time
34	4414	4427	禮拜三的下午或禮拜五的早上	time
34	4433	4439	禮拜五的早上	time
34	4450	4454	下禮拜五	time
34	4459	4462	禮拜五	time
34	4482	4486	下禮拜五	time
34	4495	4501	禮拜五的早上	time
34	4502	4507	7月21號	time
34	4537	4540	下禮拜	time
34	4558	4560	基隆	name
34	4585	4587	北醫	location
34	4596	4598	北醫	location
35	54	57	GLE	contact
35	168	171	陳小姐	name
35	221	224	陳小姐	name
35	381	383	兩個	time
35	451	453	兩個	time
35	468	470	三個	time
35	493	496	第三個	time
35	559	561	今天	time
35	1019	1021	10	med_exam
35	1035	1037	10	med_exam
35	1488	1490	今天	time
35	1674	1678	1個禮拜	time
35	1684	1686	今天	time
35	1770	1774	2到24	med_exam
35	1783	1785	24	med_exam
35	1793	1798	一個24小	time
35	1808	1810	3天	time
35	1825	1830	晚上10點	time
35	1839	1842	10點	med_exam
35	1847	1849	8點	med_exam
35	1857	1859	8點	med_exam
35	1862	1865	第三天	time
35	1867	1869	8點	med_exam
35	1899	1901	3天	time
35	1952	1955	兩個小	time
35	1965	1967	兩個	time
35	1988	1990	兩小	time
35	1997	1999	兩小	time
35	2068	2070	兩天	time
35	2105	2107	週末	time
35	2118	2120	週末	time
35	2132	2134	禮拜	time
35	2135	2139	隔天早上	time
35	2206	2211	一禮拜一兩	time
35	2370	2372	今天	time
35	2426	2430	兩個成份	time
35	2500	2503	第二個	time
35	2583	2586	第二個	time
35	2769	2771	兩個	time
35	2781	2783	兩個	time
35	2809	2811	今天	time
35	2913	2916	九成五	time
35	3001	3005	一個禮拜	time
35	3010	3012	兩三	time
35	3076	3078	兩個	time
35	3153	3155	兩個	time
35	3251	3254	九十五	med_exam
35	3397	3399	半年	time
35	3428	3431	40歲	time
35	3438	3441	40歲	time
35	3480	3482	半年	time
35	3485	3489	上三個月	time
35	3504	3507	上半年	time
35	3583	3586	40歲	time
35	3624	3627	50歲	time
35	3748	3750	3分	med_exam
35	3769	3772	一個月	time
35	3793	3795	3個	time
35	3796	3798	三個	time
35	3813	3815	三個	time
35	3955	3958	72小	time
35	3979	3982	28天	time
35	4003	4005	今天	time
35	4128	4132	2010	money
35	4178	4181	414	med_exam
35	4201	4205	1600	med_exam
35	4222	4225	整個月	time
35	4228	4233	12000	med_exam
35	4279	4281	泰國	location
35	4309	4316	一萬二到一萬三	money
35	4320	4322	30	money
35	4446	4448	泰國	location
35	4554	4556	今天	time
35	4621	4623	美國	location
35	4696	4698	七八	time
35	4741	4743	泰國	location
35	4780	4784	500塊	money
35	4785	4789	600塊	money
35	4810	4812	泰國	location
35	4831	4840	1000到1500	money
35	4854	4858	500塊	money
35	4859	4863	600塊	money
35	4906	4908	今天	time
35	5071	5076	下下個禮拜	time
36	17	20	六點半	time
36	28	31	六點半	time
36	43	48	七點四十二	time
36	74	76	下午	time
36	78	82	Line	contact
36	116	119	這個月	time
36	183	185	五六	time
36	291	293	明天	time
36	294	298	line	contact
36	579	581	今天	time
36	586	590	第七個月	time
36	601	604	下半年	time
36	632	635	下個月	time
36	660	665	四月二十五	time
36	678	683	四月二十五	time
36	715	720	四月二十五	time
37	4	7	這個月	time
37	87	89	傍晚	time
37	93	95	傍晚	time
37	109	111	今晚	time
37	222	224	早上	time
37	229	231	早上	time
37	300	302	兩個	time
37	616	618	兩個	time
37	766	768	兩個	time
37	845	847	今天	time
37	848	853	第十一個月	time
37	904	906	第二	time
37	981	986	400多塊	money
37	1026	1029	一左右	money
37	1040	1043	一萬三	money
37	1064	1067	一個月	time
37	1069	1077	4千多到5千左右	money
37	1122	1124	泰國	location
37	1238	1240	美國	location
37	1321	1324	一個月	time
37	1326	1332	1500左右	money
37	1373	1376	一個月	time
37	1383	1385	泰國	location
38	70	72	高雄	location
38	84	86	高雄	location
38	92	94	高雄	location
38	115	117	七天	time
38	138	143	八⋯⋯八號	time
38	160	164	兩個禮拜	time
38	177	179	高雄	location
38	423	425	七天	time
38	582	584	高雄	location
38	632	637	七、八、九	time
38	641	644	下個月	time
38	648	651	下個月	time
38	662	664	今天	time
39	22	25	一個月	time
39	34	37	一個月	time
39	141	144	三個月	time
39	770	773	六個月	time
39	823	825	一年	time
39	834	836	一年	time
39	1152	1156	0per	contact
39	1157	1160	ent	contact
39	1482	1484	東西	location
39	1715	1720	兩、三個月	time
39	2008	2011	六個月	time
40	377	379	十月	time
40	399	402	廖醫師	name
40	488	491	替代役	profession
40	516	519	一年前	time
40	561	564	半年前	time
40	662	664	半年	time
40	846	848	今天	time
40	855	858	兩年期	time
40	975	977	今天	time
40	1001	1003	今天	time
41	93	96	張醫師	name
41	101	104	張醫師	name
41	109	112	張醫師	name
41	494	496	第二	time
41	623	626	張醫師	name
41	654	656	兩個	time
41	671	673	兩個	time
41	677	681	兩個一個	time
41	766	769	15天	time
41	794	797	15天	time
41	809	812	15天	time
41	885	888	張醫師	name
41	982	985	張醫師	name
41	1014	1017	張醫師	name
41	1019	1022	勝利路	location
41	1027	1030	勝利路	location
41	1041	1045	勝利國小	location
41	1061	1063	老媽	family
41	1066	1068	老媽	family
41	1090	1092	張小	name
41	1101	1103	張小	name
41	1111	1113	張小	name
41	1115	1117	張小	name
41	1144	1146	老媽	family
41	1163	1165	張小	name
41	1172	1174	孫子	family
41	1216	1218	孫子	family
41	1221	1223	孫女	family
41	1249	1252	張大明	name
41	1278	1282	一個禮拜	time
41	1374	1377	張醫師	name
41	1471	1474	陳醫師	name
41	1475	1477	姊姊	family
41	1708	1710	兩個	time
41	1905	1908	三個月	time
41	1939	1941	GE	contact
41	1953	1955	GE	contact
42	534	536	12	med_exam
42	540	542	12	med_exam
42	675	678	黃醫師	name
42	679	684	黃明明醫師	name
42	688	693	黃明明醫師	name
42	1136	1138	德國	location
42	1433	1436	李醫師	name
42	2021	2024	119	med_exam
42	2388	2394	1……119	med_exam
42	2726	2729	119	med_exam
42	2877	2879	東西	location
43	3	5	仙道	name
43	105	107	東西	location
43	110	112	東西	location
43	209	211	半年	time
43	213	216	三個月	time
43	220	222	半年	time
43	229	231	明天	time
43	264	269	7月12號	time
43	287	291	兩個禮拜	time
43	315	319	這幾個月	time
43	449	451	56	med_exam
43	455	457	56	med_exam
43	483	488	7月12號	time
43	497	500	一個月	time
43	553	555	禮拜	time
43	560	562	早上	time
43	565	567	中午	time
43	648	651	一個月	time
43	678	682	4個禮拜	time
43	702	704	下午	time
43	715	717	早上	time
43	762	768	禮拜五的早上	time
43	787	793	禮拜五的早上	time
43	819	823	兩個禮拜	time
43	828	831	810	med_exam
43	832	837	8月10號	time
43	862	866	兩個禮拜	time
43	894	896	今天	time
43	939	946	早上兩顆晚上兩	time
43	959	962	一天4	time
43	971	975	3個禮拜	time
43	983	986	早上兩	time
43	1035	1040	兩顆14天	time
43	1043	1045	28	med_exam
43	1065	1067	14	med_exam
43	1085	1087	7天	time
43	1109	1116	早上兩顆晚上兩	time
43	1129	1131	7天	time
43	1135	1137	7天	time
43	1175	1179	兩個禮拜	time
43	1315	1318	每個月	time
43	1354	1363	3000到8000	money
43	1550	1553	3個月	time
43	1560	1563	三個月	time
43	1566	1569	3個月	time
43	1637	1640	6個月	time
44	4	8	這個禮拜	time
44	17	21	這個禮拜	time
44	710	714	兩個禮拜	time
44	1122	1124	12	med_exam
44	1161	1163	12	med_exam
44	1220	1222	12	med_exam
44	1662	1664	日本	location
44	1787	1790	下禮拜	time
45	5	7	今天	time
45	35	37	今天	time
45	93	97	7月12	time
45	105	107	12	med_exam
45	128	130	今天	time
45	234	237	這個周	time
45	477	480	兩個月	time
45	485	488	兩個月	time
45	500	503	一個月	time
45	507	510	28天	time
45	516	520	第二個月	time
45	552	555	幾個月	time
45	564	567	3個月	time
45	574	576	8月	time
45	585	588	11月	time
45	616	620	8月18	time
45	627	630	9月初	time
45	634	637	8月初	time
45	640	643	9月底	time
45	646	649	兩個月	time
45	665	668	兩個月	time
45	678	681	兩個月	time
45	704	710	11月30號	time
45	920	926	11月30號	time
45	1153	1156	兩個月	time
45	1162	1167	1555塊	money
45	1254	1257	兩個月	time
46	88	90	兩天	time
46	216	219	三天多	time
46	233	242	7月21到7月23	time
46	246	255	7月21到7月23	time
46	259	262	一二三	time
46	267	270	一二三	time
46	274	279	上個禮拜三	time
46	288	291	禮拜四	time
46	298	300	禮拜	time
46	341	346	7月23號	time
46	405	409	37.5	med_exam
46	423	425	傍晚	time
46	444	446	早上	time
46	452	454	早上	time
46	456	459	36幾	med_exam
46	469	471	下午	time
46	485	489	37.2	med_exam
46	496	500	37.5	med_exam
46	521	523	下午	time
46	589	591	早上	time
46	604	606	早上	time
46	613	615	下午	time
46	640	644	一個週期	time
46	663	665	早上	time
46	676	680	0.5度	med_exam
46	685	689	0.5度	med_exam
46	704	706	早上	time
46	707	711	36.5	med_exam
46	726	728	下午	time
46	734	737	37度	med_exam
46	749	752	37度	med_exam
46	877	879	37	med_exam
46	972	974	今天	time
46	986	989	188	med_exam
46	993	995	75	med_exam
46	1011	1013	50	money
46	1032	1035	188	med_exam
46	1037	1039	75	med_exam
46	1048	1050	30	money
46	1054	1056	13	med_exam
46	1313	1316	七八十	med_exam
46	1349	1352	189	med_exam
46	1356	1359	201	med_exam
46	1424	1428	4.1%	med_exam
46	1456	1458	13	med_exam
46	1460	1464	4.1%	med_exam
46	1617	1621	兩到三天	time
46	1636	1638	兩天	time
46	1688	1693	21、22	time
46	1703	1705	今天	time
46	1731	1736	今天的早上	time
46	1743	1745	今天	time
46	1748	1752	36.2	med_exam
46	1771	1775	36.2	med_exam
46	1778	1780	今天	time
46	1783	1787	36.8	med_exam
46	1810	1814	37.5	med_exam
46	1827	1831	37.5	med_exam
46	1881	1885	37.5	med_exam
46	1925	1928	38度	med_exam
46	2117	2120	美國大	location
46	2264	2266	這週	time
46	2461	2464	這個年	time
46	2484	2489	兩三個禮拜	time
46	2897	2899	今天	time
46	2961	2963	10	med_exam
46	2967	2969	10	med_exam
46	3002	3005	134	med_exam
46	3009	3012	134	med_exam
46	3027	3029	10	med_exam
46	3043	3045	10	med_exam
46	3076	3078	10	med_exam
46	3090	3092	10	med_exam
46	3122	3125	136	med_exam
46	3234	3236	10	med_exam
46	3330	3332	10	med_exam
46	3376	3378	10	med_exam
46	3393	3395	10	med_exam
46	3610	3612	今天	time
46	3637	3639	今天	time
46	3802	3804	28	med_exam
46	3815	3818	28天	time
46	3819	3822	28天	time
46	3857	3861	兩個禮拜	time
46	3870	3874	兩個禮拜	time
46	3889	3893	兩個禮拜	time
46	3922	3925	上禮拜	time
46	4003	4007	兩個禮拜	time
46	4029	4033	下下禮拜	time
46	4075	4077	HI	contact
46	4277	4279	四週	time
46	4366	4368	四週	time
46	4382	4384	兩週	time
46	4389	4391	四週	time
46	4576	4578	CD	organization
46	4642	4644	東西	location
46	4929	4932	三個月	time
47	189	192	15天	time
47	203	205	今天	time
47	206	208	12	med_exam
47	212	214	今天	time
47	215	217	12	med_exam
47	303	306	林醫師	name
47	372	374	今天	time
47	661	663	三天	time
47	669	671	今天	time
47	716	718	33	med_exam
47	721	724	120	med_exam
47	741	744	515	med_exam
47	745	748	433	med_exam
47	749	752	124	med_exam
47	753	755	今天	time
47	818	821	4.3	med_exam
47	841	845	7500	med_exam
47	854	858	53萬9	med_exam
47	865	868	5萬2	med_exam
47	890	892	今天	time
47	915	917	5天	time
47	961	965	下個禮拜	time
47	991	993	7天	time
47	1122	1125	GLE	contact
47	1188	1190	阿里	name
47	1219	1221	阿里	name
47	1257	1259	阿里	name
47	1553	1557	下下禮拜	time
47	1781	1785	下下禮拜	time
47	1788	1790	今天	time
47	1852	1854	今天	time
47	1898	1900	第二	time
47	2036	2038	第二	time
47	2130	2132	今天	time
47	2184	2186	今天	time
47	2271	2274	789	med_exam
48	6	10	5889	med_exam
48	13	15	小明	name
48	327	329	CD	organization
48	331	334	189	med_exam
48	335	338	189	med_exam
48	360	363	189	med_exam
48	401	404	166	med_exam
48	407	410	189	med_exam
48	421	424	166	med_exam
48	428	431	166	med_exam
48	441	444	217	med_exam
48	455	458	200	money
48	463	466	225	med_exam
48	473	476	200	money
48	562	564	47	med_exam
48	568	570	22	med_exam
48	647	650	兩個月	time
48	655	658	兩個月	time
48	659	662	兩個月	time
48	839	841	65	med_exam
48	847	849	小明	name
48	1067	1070	三個小	time
48	1072	1075	六個小	time
48	1410	1415	25000	money
48	1428	1433	25000	money
48	1437	1442	30000	money
48	1448	1453	30000	money
48	1486	1491	25000	money
48	1492	1494	25	med_exam
48	1499	1501	25	med_exam
48	1528	1531	143	med_exam
48	1535	1538	143	med_exam
48	1759	1762	兩個月	time
49	3	5	今天	time
49	14	16	爸爸	family
49	50	52	叔叔	family
49	91	93	小美	name
49	126	131	9月10號	time
49	153	158	9月10號	time
49	160	162	小美	name
49	335	337	36	med_exam
49	342	344	36	med_exam
49	349	356	36、36.9	med_exam
49	357	366	36.7、36.6	med_exam
49	840	843	45分	med_exam
49	913	916	30分	med_exam
49	924	926	半小	time
49	961	963	小明	name
49	965	967	今天	time
49	976	978	今天	time
49	983	985	今天	time
49	986	989	禮拜三	time
49	990	992	下午	time
49	1169	1174	今天的下午	time
49	1208	1214	禮拜一的早上	time
49	1234	1236	今天	time
49	1282	1284	今天	time
49	1294	1299	今天的下午	time
49	1340	1346	禮拜一的早上	time
49	1352	1358	禮拜一的早上	time
49	1368	1370	教授	profession
49	1477	1480	SSA	clinical_event
49	2058	2060	台北	location
49	2065	2067	高雄	location
49	2082	2084	中山	location
49	2121	2123	學校	location
49	2196	2198	學校	location
49	2849	2851	台北	location
49	2928	2930	小美	name
49	2943	2945	禮拜	time
49	2961	2963	今天	time
49	3040	3044	下個禮拜	time
49	3049	3053	9月8號	time
49	3330	3333	許醫師	name
49	3338	3341	許醫師	name
49	3784	3786	兒子	family
49	3803	3805	兒子	family
49	3889	3891	兒子	family
49	3923	3926	親姐姐	family
49	3934	3936	姑姑	family
49	3937	3939	姑姑	family
49	3940	3942	兒子	family
49	3946	3948	姑姑	family
49	3949	3951	兒子	family
49	4033	4035	媽媽	family
49	4168	4170	禮拜	time
49	4518	4522	台北榮總	location
49	4534	4536	台大	location
49	4541	4543	台大	location
49	4547	4549	台大	location
49	4609	4611	兩天	time
49	4778	4780	小美	name
50	13	15	奇美	location
50	82	85	禮拜六	time
50	87	98	禮拜六……禮拜六的早上	time
50	102	104	清晨	time
50	116	118	清晨	time
50	125	128	禮拜天	time
50	129	133	7月17	time
50	159	161	昨天	time
50	163	165	昨天	time
50	200	221	38……38……30……38.6、38.7	med_exam
50	325	329	6月25	time
50	334	336	昨天	time
50	436	438	東西	location
50	445	447	東西	location
50	449	451	今天	time
50	460	465	今天的早上	time
50	542	544	今天	time
50	572	574	阿美	name
50	604	606	三天	time
50	721	725	36.9	med_exam
50	729	733	36.9	med_exam
50	1180	1188	那個月底……月底	time
50	1201	1205	11.幾	med_exam
50	1209	1213	11.幾	med_exam
50	1224	1228	11.幾	med_exam
50	1290	1293	11號	time
50	1320	1322	8號	time
50	1455	1465	禮拜……禮拜五的早上	time
50	1490	1492	早上	time
50	1517	1519	早上	time
50	2008	2013	88821	med_exam
50	2028	2032	27.7	med_exam
50	2453	2455	東西	location
50	2503	2505	東西	location
50	2516	2518	東西	location
50	2527	2529	東西	location
50	2812	2814	冰豆	name
50	3188	3191	兩三天	time
50	3194	3196	兩天	time
50	3201	3204	4個小	time
50	3286	3288	奇美	location
50	3319	3321	東西	location
50	3335	3337	榮總	location
50	3502	3504	新樓	location
50	3513	3515	台大	location
50	3573	3577	下個禮拜	time
50	3750	3752	早上	time
51	25	28	第三週	time
51	133	136	第三週	time
51	170	172	奇美	location
51	232	235	吳醫師	name
51	582	585	第三週	time
51	625	627	奇美	location
51	997	999	兩個	time
51	1263	1266	1月份	time
51	1283	1286	1月份	time
51	1523	1528	1月16號	time
51	1535	1540	1月16號	time
51	1545	1547	1月	time
51	1558	1563	1月16號	time
51	1676	1678	半年	time
51	1838	1840	第三	time
51	2017	2019	東西	location
51	2039	2043	三個禮拜	time
51	2051	2056	第三個禮拜	time
51	2062	2066	兩個禮拜	time
51	2093	2098	第三個禮拜	time
51	2264	2266	半天	time
51	2274	2276	半天	time
51	2334	2338	2、4週	time
51	2391	2394	吳醫師	name
51	2551	2553	MA	contact
51	2558	2561	阿，亞	name
51	2848	2851	一個月	time
51	2856	2860	10公斤	med_exam
51	2866	2870	65公斤	med_exam
51	2882	2886	54公斤	med_exam
51	3286	3288	一週	time
51	3289	3292	上禮拜	time
51	3395	3397	奇美	location
51	3510	3512	媽媽	family
51	3796	3798	54	med_exam
51	3802	3804	58	med_exam
51	3814	3816	58	med_exam
51	3825	3827	58	med_exam
51	3909	3912	一個月	time
51	3915	3918	一個月	time
51	3923	3929	一個月又三週	time
51	3935	3941	一個月又三週	time
51	3945	3951	一個月又三週	time
51	3962	3965	一個月	time
51	3966	3969	前三週	time
51	4000	4003	22萬	med_exam
51	4034	4037	22萬	med_exam
51	4366	4368	明天	time
51	4396	4398	明天	time
51	4437	4439	兩週	time
51	4441	4444	第三週	time
51	4480	4483	第三週	time
51	4495	4498	第三週	time
51	4513	4515	三週	time
51	4517	4520	上一週	time
51	4552	4556	三個禮拜	time
51	4566	4570	兩個禮拜	time
51	4573	4577	兩個禮拜	time
51	4610	4614	一個禮拜	time
51	4779	4781	學校	location
51	4815	4819	一個禮拜	time
51	4822	4826	一個禮拜	time
51	4828	4832	10公斤	med_exam
51	4847	4851	66公斤	med_exam
51	4858	4862	66公斤	med_exam
51	5265	5267	今天	time
51	5477	5480	兩個小	time
51	5574	5581	2020年5月	time
51	5852	5854	四天	time
51	5856	5858	五天	time
52	101	104	330	med_exam
52	176	181	15000	money
52	195	199	3200	med_exam
52	203	207	3200	med_exam
52	262	266	10.7	med_exam
52	294	299	10.7幾	med_exam
52	332	336	兩個禮拜	time
52	397	402	兩個禮拜內	time
52	526	529	林醫師	name
52	532	535	780	med_exam
52	541	544	林醫師	name
52	545	548	780	med_exam
52	582	585	450	med_exam
52	589	592	450	med_exam
52	691	694	450	med_exam
52	703	706	林醫師	name
52	812	819	450、450	med_exam
52	900	903	這個月	time
52	1149	1151	明明	name
52	1164	1169	7月15號	time
52	1221	1226	7月28號	time
52	1271	1273	小美	name
52	1280	1285	兩個禮拜內	time
52	1368	1372	一個禮拜	time
52	1391	1395	兩個禮拜	time
52	1409	1413	一個禮拜	time
52	1416	1420	一個禮拜	time
52	1441	1445	100塊	money
52	1587	1592	8月20號	time
52	1602	1607	8月20號	time
53	114	118	兩個禮拜	time
53	337	341	兩個禮拜	time
53	409	413	十月二號	time
53	439	444	六百七十九	med_exam
53	527	529	南，	location
53	538	540	奇美	location
53	650	653	一千二	money
53	738	740	禮拜	time
54	567	573	十二月二十二	time
55	128	131	一個月	time
55	282	285	一個月	time
55	602	605	一個月	time
55	728	730	早上	time
55	738	740	早上	time
55	830	832	今天	time
55	835	837	今天	time
55	1072	1074	今年	time
55	1104	1106	今年	time
55	1109	1112	五月中	time
55	1266	1268	一年	time
56	28	31	星期三	time
56	608	610	今天	time
56	1248	1250	爸爸	family
56	1315	1317	我爸	family
56	1528	1530	榮總	location
56	1691	1693	爸爸	family
56	1860	1863	一個月	time
56	2152	2157	九月二十五	time
56	2166	2169	兩個月	time
56	2175	2179	十月一號	time
56	2198	2201	早幾天	time
56	2207	2212	二十五禮拜	time
56	2216	2219	禮拜四	time
56	2220	2222	下午	time
56	2300	2302	九天	time
56	2307	2310	十幾天	time
57	33	37	十五個小	time
57	48	51	十五小	time
57	60	63	九個小	time
57	69	72	九個小	time
57	184	186	兩天	time
57	215	217	東西	location
57	279	281	一年	time
57	287	289	一年	time
57	380	382	今天	time
57	416	419	八十五	med_exam
57	423	426	八十五	med_exam
57	442	444	七五	time
57	449	451	七五	time
57	490	493	一年內	time
57	509	511	一年	time
57	519	525	三、三、四年	time
57	529	533	三、四年	time
57	746	750	三個禮拜	time
57	753	758	四個禮拜前	time
57	798	802	三個禮拜	time
57	890	892	九二	time
57	946	948	東西	location
57	971	973	二八	time
57	1015	1017	東西	location
57	1066	1069	一百三	med_exam
57	1306	1309	五十歲	time
57	1777	1779	嘉芳	location
57	1790	1793	兩個月	time
57	1800	1803	下禮拜	time
57	1813	1816	五個月	time
57	1838	1842	llow	contact
57	1850	1853	五個月	time
57	1859	1862	五個月	time
57	1876	1879	五個月	time
57	1909	1912	五個月	time
57	2017	2019	小叔	family
57	2024	2026	小叔	family
57	2028	2030	爺爺	family
57	2038	2040	表哥	family
57	2041	2043	表姊	family
57	2081	2084	十二月	time
58	6	11	56783	med_exam
58	44	46	兩天	time
58	212	215	禮拜幾	time
58	217	220	禮拜四	time
58	229	234	今天的早上	time
58	696	698	今天	time
58	767	770	三個月	time
59	4	7	禮拜天	time
59	8	10	中午	time
59	12	14	禮拜	time
59	21	23	中午	time
59	30	33	禮拜二	time
59	159	161	今天	time
59	164	166	禮拜	time
59	169	172	禮拜二	time
59	442	444	昨天	time
59	491	494	林醫師	name
59	615	618	王醫師	name
59	625	627	陽明	location
59	702	704	今天	time
59	726	728	昨天	time
59	737	739	昨天	time
59	750	755	昨天的早上	time
59	761	763	孫子	family
59	894	896	三天	time
59	907	909	三天	time
59	920	923	中中午	time
59	982	985	一天三	time
59	1027	1030	王醫師	name
59	1033	1035	今天	time
59	1043	1045	今天	time
59	1124	1126	台大	location
59	1135	1137	台大	location
59	1261	1264	下禮拜	time
59	1271	1274	下禮拜	time
59	1315	1317	今天	time
59	1382	1384	半夜	time
59	1917	1919	台大	location
59	1941	1945	陽明醫院	location
59	2052	2055	12樓	time
59	2114	2116	今天	time
60	96	98	嘉義	location
60	104	106	嘉義	location
60	364	367	兩個月	time
60	404	407	這個月	time
60	415	418	這個月	time
60	426	429	這個月	time
60	501	503	第三	time
60	515	520	5、6、7	time
60	521	524	8月底	time
60	547	550	8月底	time
60	685	687	今天	time
60	711	713	東西	location
60	1110	1112	兩個	time
60	1177	1180	8月7	time
60	1184	1187	8月7	time
60	1196	1202	禮拜三的下午	time
60	1206	1212	禮拜三的下午	time
60	1215	1217	早上	time
60	1222	1224	早上	time
60	1228	1231	禮拜四	time
60	1234	1240	禮拜四的早上	time
60	1244	1250	禮拜五的早上	time
60	1259	1265	禮拜五的早上	time
60	1271	1273	早上	time
60	1301	1304	10點	med_exam
60	1312	1314	今天	time
60	1315	1319	9點45	med_exam
60	1339	1345	禮拜三的下午	time
60	1349	1352	禮拜三	time
60	1360	1362	下午	time
60	1367	1369	早上	time
60	1407	1413	禮拜五的早上	time
60	1423	1426	8月7	time
60	1430	1433	8月7	time
60	1498	1501	李小姐	name
60	1540	1543	5月份	time
60	1549	1551	5月	time
60	1554	1556	35	med_exam
60	1560	1563	這個月	time
60	1577	1580	這個月	time
60	1608	1611	這個月	time
60	1705	1707	阿美	name
60	1718	1723	6月15號	time
60	1815	1818	李小龍	name
60	1822	1825	李小龍	name
60	1875	1880	6月15號	time
60	1898	1903	6月15號	time
60	1986	1989	台北市	location
60	2008	2012	9654	med_exam
60	2016	2020	9654	med_exam
60	2028	2030	85	med_exam
60	2034	2038	1996	med_exam
60	2043	2047	1996	med_exam
60	2053	2058	5月21號	time
60	2064	2068	5月21	time
60	2084	2087	6月底	time
60	2091	2093	35	med_exam
60	2105	2108	15號	time
60	2130	2135	6月15號	time
60	2146	2151	6月15號	time
60	2192	2197	6月15號	time
60	2220	2225	6月15號	time
60	2262	2267	6月15號	time
60	2269	2274	6月15號	time
60	2283	2288	6月15號	time
60	2292	2297	6月15號	time
60	2443	2446	5月多	time
60	2456	2461	6月15號	time
60	2497	2499	5月	time
60	2503	2505	35	med_exam
60	2509	2511	4月	time
60	2581	2584	兩三年	time
60	2599	2602	兩三年	time
61	173	176	一個月	time
61	419	422	第二個	time
61	480	484	第一個月	time
61	540	544	第二個月	time
61	647	650	這個月	time
61	651	655	第一個月	time
61	686	693	一個24小時內	time
61	919	922	下個月	time
61	979	982	兩個小	time
61	1002	1007	兩個小時前	time
61	1025	1027	兩天	time
61	1072	1074	八點	med_exam
61	1083	1085	八點	med_exam
61	1137	1139	八點	med_exam
61	1143	1145	八點	med_exam
61	1154	1156	八點	med_exam
61	1522	1524	兩個	time
61	1862	1872	一個一個一個一個一個	time
61	2002	2004	今天	time
61	2022	2028	11月12號	time
61	2030	2033	兩個月	time
61	2038	2043	11月12	time
61	2051	2057	禮拜三的早上	time
61	2083	2087	第一個月	time
61	2129	2135	11月12號	time
61	2213	2216	十幾號	time
61	2280	2282	台北	location
61	2293	2295	台北	location
61	2343	2346	五月中	time
61	2388	2391	三百年	time
61	2421	2426	11月12	time
62	5	9	0938	ID
62	13	16	這個月	time
62	50	53	這個月	time
62	60	62	3個	time
62	69	71	3個	time
62	300	302	一年	time
62	550	552	兩個	time
62	795	799	第十個月	time
62	901	904	一個月	time
62	906	911	11月29	time
62	915	921	禮拜五的下午	time
63	109	111	第十	time
63	155	158	一個月	time
63	325	327	第十	time
63	343	347	上上個月	time
63	353	356	下個月	time
64	4	6	今天	time
64	9	12	兩個月	time
64	147	149	兩個	time
64	523	525	今天	time
64	746	749	兩個月	time
64	782	785	兩個月	time
64	801	804	下個月	time
64	830	834	這個月內	time
64	873	877	每個月兩	time
64	881	884	一年下	time
64	914	916	一年	time
64	945	948	這幾年	time
64	976	985	287179403	med_exam
64	1005	1008	第三年	time
64	1017	1019	12	med_exam
64	1057	1059	兩年	time
64	1117	1119	泰國	location
65	71	74	這個月	time
65	127	132	這個月一個	time
65	190	193	這個月	time
65	205	208	上個月	time
65	1267	1269	今天	time
65	1277	1279	1號	time
65	1310	1312	今天	time
65	1415	1417	一號	time
65	1449	1451	0號	ID
65	1475	1477	一號	time
65	1483	1485	0號	ID
65	1573	1575	69	med_exam
66	27	30	這個月	time
66	612	614	兩個	time
67	34	37	許小姐	name
67	61	64	許小姐	name
67	330	333	半年多	time
67	389	391	69	med_exam
67	402	404	69	med_exam
67	476	478	10	med_exam
67	545	547	MA	contact
67	678	681	王醫師	name
67	767	771	LINE	contact
67	812	816	LINE	contact
67	881	884	王醫師	name
67	895	898	360	med_exam
67	920	922	兩個	time
67	947	949	今天	time
67	960	962	今天	time
67	1001	1004	第二個	time
67	1012	1015	每個月	time
67	1066	1069	這個月	time
67	1081	1084	下個月	time
67	1093	1098	120天內	time
67	1113	1116	三個月	time
67	1204	1211	禮拜三跟禮拜五	time
67	1212	1214	兩個	time
67	1223	1226	王醫師	name
67	1236	1239	王醫師	name
67	1240	1246	禮拜三的下午	time
67	1247	1253	禮拜五的早上	time
67	1265	1267	兩個	time
67	1287	1293	隔週的禮拜二	time
67	1297	1303	隔週的禮拜二	time
67	1310	1316	隔週的禮拜二	time
67	1333	1336	28天	time
67	1366	1369	禮拜三	time
67	1385	1392	這個月的禮拜三	time
67	1412	1415	禮拜五	time
67	1416	1422	當週的禮拜五	time
67	1449	1455	下週的禮拜五	time
67	1464	1467	28天	time
67	1478	1480	28	med_exam
67	1557	1560	一個月	time
67	1573	1576	一個月	time
67	1599	1602	28天	time
68	10	13	一個月	time
68	31	33	今天	time
68	43	46	晚上上	time
68	52	55	晚上上	time
68	144	147	這個月	time
68	196	198	兩個	time
68	633	636	一個月	time
68	683	685	早上	time
68	695	697	今天	time
68	730	733	下個月	time
69	267	269	姐姐	family
69	287	289	姊姊	family
69	362	365	這個月	time
69	1057	1059	兩天	time
69	1248	1250	今天	time
69	1251	1255	9月10	time
69	1267	1278	9月9、9月11、12	time
69	1282	1286	今天晚上	time
69	1320	1324	5、6點	med_exam
69	1337	1339	6點	med_exam
69	1342	1344	6點	med_exam
69	1373	1378	兩個小時前	time
69	1390	1395	兩個小時前	time
69	1407	1410	11號	time
69	1426	1428	4點	med_exam
69	1432	1437	12號4點	time
69	1563	1567	2到24	med_exam
69	1597	1601	9月8號	time
69	1609	1611	6點	med_exam
69	1634	1636	7點	med_exam
69	1639	1641	4點	med_exam
69	1643	1647	隔天4點	time
69	1677	1680	兩個小	time
69	1834	1836	三天	time
